<ActionMaps version="1" optionsVersion="2" rebindVersion="2" profileName="421_ENH_LIVE_NXT">
 <CustomisationUIHeader label="421_ENH_LIVE_NXT" description="" image="">
  <devices>
   <keyboard instance="1"/>
   <mouse instance="1"/>
   <joystick instance="1"/>
   <joystick instance="2"/>
  </devices>
  <categories>
   <category label="@ui_CCSeatGeneral"/>
   <category label="@ui_CCSpaceFlight"/>
   <category label=""/>
   <category label="@ui_CCTurrets"/>
   <category label="@ui_CGLightControllerDesc"/>
   <category label="@ui_CCFPS"/>
   <category label="@ui_CCEVA"/>
   <category label="@ui_CCEVAZGT"/>
   <category label="@ui_CCVehicle"/>
   <category label="@ui_CGEASpectator"/>
   <category label="@ui_CGUIGeneral"/>
   <category label="@ui_CGOpticalTracking"/>
   <category label="@ui_CGInteraction"/>
   <category label="@ui_CCCamera"/>
  </categories>
 </CustomisationUIHeader>
 <deviceoptions name="Mouse">
  <option input="@pause_OptionsMouseSmoothing" saturation="0"/>
  <option input="@pause_OptionsMouseSmoothing" saturation="0"/>
  <option input="@pause_OptionsMouseAcceleration" acceleration="0"/>
 </deviceoptions>
 <deviceoptions name="vJoy Device  {BEAD1234-0000-0000-0000-504944564944}">
  <option input="x" deadzone="0.049499996"/>
  <option input="y" deadzone="0.049499996"/>
 </deviceoptions>
 <options type="keyboard" instance="1" Product="Keyboard  {6F1D2B61-D5A0-11CF-BFC7-444553540000}">
  <flight_move_pitch invert="1"/>
 </options>
 <options type="joystick" instance="1" Product="vJoy Device  {BEAD1234-0000-0000-0000-504944564944}">
  <fps_move_longitudinal invert="1"/>
  <eva_move_strafe_longitudinal invert="1"/>
  <flight_move_roll invert="1"/>
  <mining invert="1"/>
  <mining_throttle invert="0"/>
 </options>
 <options type="joystick" instance="2" Product="vJoy Device  {BEAD1234-0000-0000-0000-504944564944}">
  <flight_move_pitch invert="1"/>
  <flight_move_yaw invert="1"/>
  <flight_strafe_longitudinal invert="1"/>
  <mining invert="1"/>
  <mining_throttle invert="0"/>
 </options>
 <modifiers />
 <actionmap name="seat_general">
  <action name="v_eject">
   <rebind input="js2_button47"/>
  </action>
  <action name="v_emergency_exit">
   <rebind input="js2_button17"/>
  </action>
  <action name="v_enter_remote_turret_1">
   <rebind input="kb1_up"/>
   <rebind input="js1_button21"/>
  </action>
  <action name="v_enter_remote_turret_2">
   <rebind input="kb1_right"/>
   <rebind input="js1_button24"/>
  </action>
  <action name="v_enter_remote_turret_3">
   <rebind input="kb1_left"/>
   <rebind input="js1_button22"/>
  </action>
  <action name="v_operator_mode_cycle_forward">
   <rebind input="js1_button3"/>
  </action>
  <action name="v_set_mining_mode">
   <rebind input="js2_button126"/>
  </action>
  <action name="v_set_salvage_mode">
   <rebind input="js2_button126"/>
  </action>
  <action name="v_toggle_guns_mode">
   <rebind input="js2_ "/>
  </action>
  <action name="v_toggle_mining_mode">
   <rebind input="js1_button125"/>
  </action>
  <action name="v_toggle_missile_mode">
   <rebind input="js2_ "/>
  </action>
  <action name="v_toggle_salvage_mode">
   <rebind input="js1_button125"/>
  </action>
  <action name="v_view_look_behind">
   <rebind input="js1_button8"/>
  </action>
 </actionmap>
 <actionmap name="spaceship_general">
  <action name="v_close_all_doors">
   <rebind input="js1_button19"/>
  </action>
  <action name="v_cooler_throttle_down">
   <rebind input="js2_ "/>
  </action>
  <action name="v_cooler_throttle_up">
   <rebind input="js2_ "/>
  </action>
  <action name="v_flightready">
   <rebind input="js1_button11"/>
  </action>
  <action name="v_lock_all_ports">
   <rebind input="js2_ "/>
  </action>
  <action name="v_open_all_doors">
   <rebind input="js1_button20"/>
  </action>
  <action name="v_toggle_all_doorlocks">
   <rebind input="js2_button48" activationMode="double_tap"/>
  </action>
  <action name="v_toggle_all_doors">
   <rebind input="js1_button14"/>
  </action>
  <action name="v_toggle_all_portlocks">
   <rebind input="js2_button18"/>
  </action>
  <action name="v_unlock_all_ports">
   <rebind input="js2_ "/>
  </action>
 </actionmap>
 <actionmap name="vehicle_mfd">
  <action name="v_mfd_interact_cycle_backwards_short">
   <rebind input="js2_button69"/>
  </action>
  <action name="v_mfd_interact_cycle_forwards_short">
   <rebind input="js2_button68"/>
  </action>
  <action name="v_mfd_movement_down_long">
   <rebind input="js2_button16"/>
  </action>
  <action name="v_mfd_movement_left_long">
   <rebind input="js2_button19"/>
  </action>
  <action name="v_mfd_movement_right_long">
   <rebind input="js2_button18"/>
  </action>
  <action name="v_mfd_movement_up_long">
   <rebind input="js2_button17"/>
  </action>
  <action name="v_mfd_soft_select_cast_left_short">
   <rebind input="js2_button69" multiTap="2"/>
  </action>
  <action name="v_mfd_soft_select_cast_right_short">
   <rebind input="js2_button68" multiTap="2"/>
  </action>
 </actionmap>
 <actionmap name="spaceship_view">
  <action name="v_ads_stable_max_zoom_hold">
   <rebind input="js1_button4"/>
  </action>
  <action name="v_ads_toggle">
   <rebind input="js1_button4"/>
  </action>
  <action name="v_view_cycle_fwd">
   <rebind input="js1_button6"/>
  </action>
  <action name="v_view_cycle_internal_fwd">
   <rebind input="js2_ "/>
  </action>
  <action name="v_view_dynamic_zoom_abs">
   <rebind input="js2_ "/>
  </action>
  <action name="v_view_dynamic_zoom_abs_toggle">
   <rebind input="js1_button7"/>
  </action>
  <action name="v_view_dynamic_zoom_rel">
   <rebind input="js2_ "/>
  </action>
  <action name="v_view_dynamic_zoom_rel_in">
   <rebind input="js2_ "/>
  </action>
  <action name="v_view_dynamic_zoom_rel_out">
   <rebind input="js2_ "/>
  </action>
  <action name="v_view_freelook_mode">
   <rebind input="js1_button10"/>
  </action>
  <action name="v_view_interact">
   <rebind input="js2_ "/>
  </action>
  <action name="v_view_mode">
   <rebind input="js2_ "/>
  </action>
  <action name="v_view_option">
   <rebind input="js2_ "/>
  </action>
  <action name="v_view_pitch">
   <rebind input="js2_ "/>
  </action>
  <action name="v_view_pitch_down">
   <rebind input="js2_ "/>
  </action>
  <action name="v_view_pitch_up">
   <rebind input="js2_ "/>
  </action>
  <action name="v_view_yaw">
   <rebind input="js2_ "/>
  </action>
  <action name="v_view_yaw_left">
   <rebind input="js2_ "/>
  </action>
  <action name="v_view_yaw_right">
   <rebind input="js2_ "/>
  </action>
  <action name="v_view_zoom_in">
   <rebind input="js2_ "/>
  </action>
  <action name="v_view_zoom_out">
   <rebind input="js2_ "/>
  </action>
 </actionmap>
 <actionmap name="spaceship_movement">
  <action name="v_accel_range_down">
   <rebind input="js1_hat2_down"/>
  </action>
  <action name="v_accel_range_up">
   <rebind input="js1_hat2_up"/>
  </action>
  <action name="v_afterburner">
   <rebind input="js1_button1"/>
  </action>
  <action name="v_atc_loading_area_request">
   <rebind input="js1_button16"/>
  </action>
  <action name="v_atc_request">
   <rebind input="js1_button15"/>
  </action>
  <action name="v_autoland">
   <rebind input="js1_button13"/>
  </action>
  <action name="v_flight_advanced_hud_toggle">
   <rebind input="js1_button52"/>
  </action>
  <action name="v_ifcs_speed_limiter_decrement">
   <rebind input="js1_hat1_down"/>
  </action>
  <action name="v_ifcs_speed_limiter_down">
   <rebind input="js1_hat1_down"/>
  </action>
  <action name="v_ifcs_speed_limiter_increment">
   <rebind input="js1_hat1_up"/>
  </action>
  <action name="v_ifcs_speed_limiter_up">
   <rebind input="js1_hat1_up"/>
  </action>
  <action name="v_ifcs_throttle_set_normal">
   <rebind input="js2_ "/>
  </action>
  <action name="v_ifcs_throttle_swap_mode">
   <rebind input="js1_hat1_left"/>
  </action>
  <action name="v_ifcs_toggle_esp">
   <rebind input="js1_button22"/>
  </action>
  <action name="v_ifcs_toggle_gforce_safety">
   <rebind input="js1_button51"/>
  </action>
  <action name="v_ifcs_toggle_vector_decoupling">
   <rebind input="js2_button4"/>
  </action>
  <action name="v_master_mode_set_nav">
   <rebind input="js1_button127"/>
  </action>
  <action name="v_master_mode_set_scm">
   <rebind input="js1_button128"/>
  </action>
  <action name="v_pitch">
   <rebind input="js2_y"/>
  </action>
  <action name="v_pitch_down">
   <rebind input="js2_ "/>
  </action>
  <action name="v_pitch_up">
   <rebind input="js2_ "/>
  </action>
  <action name="v_roll">
   <rebind input="js2_z"/>
  </action>
  <action name="v_roll_left">
   <rebind input="js2_ "/>
  </action>
  <action name="v_roll_right">
   <rebind input="js2_ "/>
  </action>
  <action name="v_space_brake">
   <rebind input="js1_button27"/>
  </action>
  <action name="v_strafe_down">
   <rebind input="js2_ "/>
  </action>
  <action name="v_strafe_lateral">
   <rebind input="js1_x"/>
  </action>
  <action name="v_strafe_left">
   <rebind input="js2_ "/>
  </action>
  <action name="v_strafe_longitudinal">
   <rebind input="js1_y"/>
  </action>
  <action name="v_strafe_longitudinal_invert">
   <rebind input="js2_ "/>
  </action>
  <action name="v_strafe_right">
   <rebind input="js2_ "/>
  </action>
  <action name="v_strafe_trim_reset_long">
   <rebind input="js1_button2"/>
  </action>
  <action name="v_strafe_trim_reset_short">
   <rebind input="js1_hat2_right"/>
  </action>
  <action name="v_strafe_trim_set_100_long">
   <rebind input="js1_hat1_right"/>
  </action>
  <action name="v_strafe_trim_set_50_long">
   <rebind input="js2_ "/>
  </action>
  <action name="v_strafe_trim_set_50_short">
   <rebind input="js2_ "/>
  </action>
  <action name="v_strafe_trim_set_short">
   <rebind input="js1_hat1_right"/>
  </action>
  <action name="v_strafe_up">
   <rebind input="js2_ "/>
  </action>
  <action name="v_strafe_vertical">
   <rebind input="js1_z"/>
  </action>
  <action name="v_toggle_jump_request">
   <rebind input="js1_button15"/>
  </action>
  <action name="v_toggle_landing_system">
   <rebind input="js1_button13"/>
  </action>
  <action name="v_toggle_vtol">
   <rebind input="js1_button17"/>
  </action>
  <action name="v_toggle_yaw_roll_swap">
   <rebind input="js2_ "/>
  </action>
  <action name="v_transform_cycle">
   <rebind input="js1_button18"/>
  </action>
  <action name="v_yaw">
   <rebind input="js2_x"/>
  </action>
  <action name="v_yaw_left">
   <rebind input="js2_ "/>
  </action>
  <action name="v_yaw_right">
   <rebind input="js2_ "/>
  </action>
 </actionmap>
 <actionmap name="spaceship_quantum">
  <action name="v_toggle_qdrive_engagement">
   <rebind input="js2_button1"/>
  </action>
 </actionmap>
 <actionmap name="spaceship_docking">
  <action name="v_dock_toggle_view">
   <rebind input="js1_button37"/>
  </action>
  <action name="v_invoke_docking">
   <rebind input="js1_button13"/>
  </action>
  <action name="v_toggle_docking_mode">
   <rebind input="js1_button13"/>
  </action>
 </actionmap>
 <actionmap name="spaceship_targeting">
  <action name="v_auto_targeting_toggle_long">
   <rebind input="js2_ "/>
  </action>
  <action name="v_look_ahead_enable">
   <rebind input="js2_ "/>
  </action>
  <action name="v_look_ahead_start_target_tracking">
   <rebind input="js2_ "/>
  </action>
  <action name="v_target_lock_selected">
   <rebind input="js2_hat1_left"/>
  </action>
  <action name="v_target_remove_all_pins">
   <rebind input="js2_ "/>
  </action>
  <action name="v_target_toggle_lock_index_1">
   <rebind input="js2_ "/>
  </action>
  <action name="v_target_toggle_lock_index_2">
   <rebind input="js2_ "/>
  </action>
  <action name="v_target_toggle_lock_index_3">
   <rebind input="js2_ "/>
  </action>
  <action name="v_target_toggle_pin_index_1">
   <rebind input="js2_ "/>
  </action>
  <action name="v_target_toggle_pin_index_1_hold">
   <rebind input="js2_ "/>
  </action>
  <action name="v_target_toggle_pin_index_2">
   <rebind input="js2_ "/>
  </action>
  <action name="v_target_toggle_pin_index_2_hold">
   <rebind input="js2_ "/>
  </action>
  <action name="v_target_toggle_pin_index_3">
   <rebind input="js2_ "/>
  </action>
  <action name="v_target_toggle_pin_index_3_hold">
   <rebind input="js2_ "/>
  </action>
  <action name="v_target_unlock">
   <rebind input="js2_hat1_down"/>
  </action>
  <action name="v_target_unpin_selected_hold">
   <rebind input="js2_ "/>
  </action>
 </actionmap>
 <actionmap name="spaceship_targeting_advanced">
  <action name="v_target_cycle_all_back">
   <rebind input="js2_ "/>
  </action>
  <action name="v_target_cycle_all_fwd">
   <rebind input="js2_hat1_right"/>
  </action>
  <action name="v_target_cycle_all_reset">
   <rebind input="js2_hat1_right" multiTap="2"/>
  </action>
  <action name="v_target_cycle_attacker_back">
   <rebind input="js2_ "/>
  </action>
  <action name="v_target_cycle_attacker_fwd">
   <rebind input="js2_hat2_up"/>
  </action>
  <action name="v_target_cycle_attacker_reset">
   <rebind input="js2_hat2_down"/>
  </action>
  <action name="v_target_cycle_friendly_back">
   <rebind input="js2_ "/>
  </action>
  <action name="v_target_cycle_friendly_fwd">
   <rebind input="js2_ "/>
  </action>
  <action name="v_target_cycle_friendly_reset">
   <rebind input="js2_ "/>
  </action>
  <action name="v_target_cycle_hostile_back">
   <rebind input="js2_ "/>
  </action>
  <action name="v_target_cycle_hostile_fwd">
   <rebind input="js2_hat1_left"/>
  </action>
  <action name="v_target_cycle_hostile_reset">
   <rebind input="js2_hat1_left" multiTap="2"/>
  </action>
  <action name="v_target_cycle_in_view_reset">
   <rebind input="js2_ "/>
  </action>
  <action name="v_target_cycle_subitem_back">
   <rebind input="js2_button14"/>
  </action>
  <action name="v_target_cycle_subitem_fwd">
   <rebind input="js2_button12"/>
  </action>
  <action name="v_target_cycle_subitem_reset">
   <rebind input="js2_button13"/>
  </action>
  <action name="v_target_under_reticle">
   <rebind input="js2_hat1_up"/>
  </action>
 </actionmap>
 <actionmap name="spaceship_target_hailing">
  <action name="v_target_hail">
   <rebind input="js2_button35"/>
  </action>
 </actionmap>
 <actionmap name="spaceship_radar">
  <action name="v_invoke_ping">
   <rebind input="js1_button26"/>
  </action>
 </actionmap>
 <actionmap name="spaceship_scanning">
  <action name="v_dec_scan_focus_level">
   <rebind input="js1_button29"/>
  </action>
  <action name="v_inc_scan_focus_level">
   <rebind input="js1_button28"/>
  </action>
  <action name="v_scanning_trigger_scan">
   <rebind input="js2_button1"/>
  </action>
 </actionmap>
 <actionmap name="spaceship_mining">
  <action name="v_decrease_mining_throttle">
   <rebind input="js1_button29"/>
  </action>
  <action name="v_increase_mining_throttle">
   <rebind input="js1_button28"/>
  </action>
  <action name="v_mining_throttle">
   <rebind input="js1_rotz"/>
  </action>
  <action name="v_mining_use_consumable1">
   <rebind input="js2_button21"/>
  </action>
  <action name="v_mining_use_consumable2">
   <rebind input="js2_button22"/>
  </action>
  <action name="v_mining_use_consumable3">
   <rebind input="js2_button24"/>
  </action>
  <action name="v_toggle_mining_laser_fire">
   <rebind input="js2_button1"/>
  </action>
  <action name="v_toggle_mining_laser_type">
   <rebind input="js2_button15"/>
  </action>
 </actionmap>
 <actionmap name="spaceship_salvage">
  <action name="tractor_beam_vehicle_decrease_distance">
   <rebind input="js1_button24"/>
  </action>
  <action name="tractor_beam_vehicle_increase_distance">
   <rebind input="js1_button23"/>
  </action>
  <action name="v_salvage_beam_spacing_abs">
   <rebind input="js1_rotz"/>
  </action>
  <action name="v_salvage_cycle_modifiers_left">
   <rebind input="js2_button14" activationMode="double_tap"/>
  </action>
  <action name="v_salvage_cycle_modifiers_right">
   <rebind input="js2_button12" activationMode="double_tap"/>
  </action>
  <action name="v_salvage_cycle_modifiers_structural">
   <rebind input="js2_button13" activationMode="double_tap"/>
  </action>
  <action name="v_salvage_decrease_beam_spacing">
   <rebind input="js2_button29"/>
  </action>
  <action name="v_salvage_focus_all_heads">
   <rebind input="js2_button25"/>
  </action>
  <action name="v_salvage_focus_disintegrate">
   <rebind input="js2_button23"/>
  </action>
  <action name="v_salvage_focus_fracture">
   <rebind input="js2_button21"/>
  </action>
  <action name="v_salvage_focus_left">
   <rebind input="js2_button24"/>
  </action>
  <action name="v_salvage_focus_right">
   <rebind input="js2_button22"/>
  </action>
  <action name="v_salvage_increase_beam_spacing">
   <rebind input="js2_button28"/>
  </action>
  <action name="v_salvage_reset_gimbal">
   <rebind input="js1_button25" activationMode="double_tap"/>
  </action>
  <action name="v_salvage_toggle_beam_spacing_axis">
   <rebind input="js2_button15"/>
  </action>
  <action name="v_salvage_toggle_fire_disintegrate">
   <rebind input="js2_button13"/>
  </action>
  <action name="v_salvage_toggle_fire_focused">
   <rebind input="js2_button1"/>
  </action>
  <action name="v_salvage_toggle_fire_fracture">
   <rebind input="js2_button11"/>
  </action>
  <action name="v_salvage_toggle_fire_left">
   <rebind input="js2_button14"/>
  </action>
  <action name="v_salvage_toggle_fire_right">
   <rebind input="js2_button12"/>
  </action>
  <action name="v_salvage_toggle_gimbal_mode">
   <rebind input="js1_button25"/>
  </action>
 </actionmap>
 <actionmap name="turret_movement">
  <action name="turret_gyromode">
   <rebind input="js1_button23"/>
  </action>
  <action name="turret_pitch">
   <rebind input="js2_y"/>
  </action>
  <action name="turret_remote_cycle_next">
   <rebind input="js2_ "/>
  </action>
  <action name="turret_remote_cycle_prev">
   <rebind input="js2_ "/>
  </action>
  <action name="turret_remote_exit">
   <rebind input="js2_button17"/>
  </action>
  <action name="turret_toggle_mouse_mode">
   <rebind input="js1_button54"/>
  </action>
  <action name="turret_yaw">
   <rebind input="js2_x"/>
  </action>
 </actionmap>
 <actionmap name="turret_advanced">
  <action name="turret_change_firemode">
   <rebind input="js1_button21"/>
  </action>
  <action name="turret_change_position">
   <rebind input="js1_button18"/>
  </action>
  <action name="turret_esp_toggle">
   <rebind input="js1_button22"/>
  </action>
  <action name="turret_limiter_rel">
   <rebind input="js1_roty"/>
  </action>
  <action name="turret_limiter_rel_decrease">
   <rebind input="js1_hat1_down"/>
  </action>
  <action name="turret_limiter_rel_increase">
   <rebind input="js1_hat1_up"/>
  </action>
  <action name="turret_recenter">
   <rebind input="js1_button25"/>
  </action>
 </actionmap>
 <actionmap name="spaceship_weapons">
  <action name="v_weapon_change_firemode">
   <rebind input="js1_button21"/>
  </action>
  <action name="v_weapon_gimbal_mode_cycle_all">
   <rebind input="js1_button25"/>
  </action>
  <action name="v_weapon_pip_toggle_lead_lag">
   <rebind input="js1_button24"/>
  </action>
  <action name="v_weapon_preset_attack">
   <rebind input="js2_button1"/>
  </action>
  <action name="v_weapon_preset_emp">
   <rebind input="js2_button56" activationMode="double_tap"/>
  </action>
  <action name="v_weapon_preset_fire_guns0">
   <rebind input="js2_button2"/>
  </action>
  <action name="v_weapon_preset_fire_guns1">
   <rebind input="js2_ "/>
  </action>
  <action name="v_weapon_preset_fire_guns2">
   <rebind input="js2_ "/>
  </action>
  <action name="v_weapon_preset_fire_guns3">
   <rebind input="js2_ "/>
  </action>
  <action name="v_weapon_preset_guns0">
   <rebind input="js2_ "/>
  </action>
  <action name="v_weapon_preset_guns1">
   <rebind input="js2_ "/>
  </action>
  <action name="v_weapon_preset_next">
   <rebind input="js2_ "/>
  </action>
  <action name="v_weapon_preset_next_overflow">
   <rebind input="js2_button56"/>
  </action>
  <action name="v_weapon_preset_prev">
   <rebind input="js2_ "/>
  </action>
  <action name="v_weapon_preset_prev_overflow">
   <rebind input="js2_button57"/>
  </action>
  <action name="v_weapon_preset_qid">
   <rebind input="js2_button56" activationMode="double_tap"/>
  </action>
  <action name="v_weapon_preset_qid_jammer">
   <rebind input="js2_button56" activationMode="double_tap"/>
  </action>
  <action name="v_weapon_preset_qid_pulse">
   <rebind input="js2_button56" activationMode="double_tap"/>
  </action>
 </actionmap>
 <actionmap name="spaceship_missiles">
  <action name="v_weapon_bombing_hud_range_decrease">
   <rebind input="js1_button29"/>
  </action>
  <action name="v_weapon_bombing_hud_range_increase">
   <rebind input="js1_button28"/>
  </action>
  <action name="v_weapon_bombing_hud_range_reset">
   <rebind input="js1_button40"/>
  </action>
  <action name="v_weapon_bombing_toggle_desired_impact_point">
   <rebind input="js2_button3"/>
  </action>
  <action name="v_weapon_bombing_toggle_desired_impact_point_hold">
   <rebind input="js2_ "/>
  </action>
  <action name="v_weapon_cycle_missile_back">
   <rebind input="js2_button14"/>
  </action>
  <action name="v_weapon_cycle_missile_fwd">
   <rebind input="js2_button12"/>
  </action>
  <action name="v_weapon_decrease_max_missiles">
   <rebind input="js2_button13"/>
  </action>
  <action name="v_weapon_increase_max_missiles">
   <rebind input="js2_button11"/>
  </action>
  <action name="v_weapon_launch_missile">
   <rebind input="js2_ "/>
  </action>
  <action name="v_weapon_launch_missile_cinematic_hold">
   <rebind input="js1_button7"/>
  </action>
  <action name="v_weapon_reset_max_missiles">
   <rebind input="js2_button15"/>
  </action>
  <action name="v_weapon_toggle_launch_missile">
   <rebind input="js2_button1"/>
  </action>
 </actionmap>
 <actionmap name="spaceship_defensive">
  <action name="v_shield_raise_level_back">
   <rebind input="js2_button23"/>
  </action>
  <action name="v_shield_raise_level_down">
   <rebind input="js2_ "/>
  </action>
  <action name="v_shield_raise_level_forward">
   <rebind input="js2_button21"/>
  </action>
  <action name="v_shield_raise_level_left">
   <rebind input="js2_button24"/>
  </action>
  <action name="v_shield_raise_level_right">
   <rebind input="js2_button22"/>
  </action>
  <action name="v_shield_raise_level_up">
   <rebind input="js2_ "/>
  </action>
  <action name="v_shield_reset_level">
   <rebind input="js2_button25"/>
  </action>
  <action name="v_weapon_countermeasure_decoy_burst_decrease">
   <rebind input="js2_button20"/>
  </action>
  <action name="v_weapon_countermeasure_decoy_burst_increase">
   <rebind input="js2_button19"/>
  </action>
  <action name="v_weapon_countermeasure_decoy_launch">
   <rebind input="js2_button26"/>
  </action>
  <action name="v_weapon_countermeasure_noise_launch">
   <rebind input="js2_button27"/>
  </action>
 </actionmap>
 <actionmap name="spaceship_power">
  <action name="v_engineering_assignment_engine_decrease">
   <rebind input="js2_button38"/>
  </action>
  <action name="v_engineering_assignment_engine_increase">
   <rebind input="js2_button8"/>
  </action>
  <action name="v_engineering_assignment_engine_max">
   <rebind input="js2_button8"/>
  </action>
  <action name="v_engineering_assignment_engine_min">
   <rebind input="js2_button38"/>
  </action>
  <action name="v_engineering_assignment_reset">
   <rebind input="js2_button10"/>
  </action>
  <action name="v_engineering_assignment_shields_decrease">
   <rebind input="js2_button37"/>
  </action>
  <action name="v_engineering_assignment_shields_increase">
   <rebind input="js2_button7"/>
  </action>
  <action name="v_engineering_assignment_shields_max">
   <rebind input="js2_button7"/>
  </action>
  <action name="v_engineering_assignment_shields_min">
   <rebind input="js2_button37"/>
  </action>
  <action name="v_engineering_assignment_weapons_decrease">
   <rebind input="js2_button39"/>
  </action>
  <action name="v_engineering_assignment_weapons_increase">
   <rebind input="js2_button9"/>
  </action>
  <action name="v_engineering_assignment_weapons_max">
   <rebind input="js2_button9"/>
  </action>
  <action name="v_engineering_assignment_weapons_min">
   <rebind input="js2_button39"/>
  </action>
  <action name="v_power_throttle_down">
   <rebind input="js2_ "/>
  </action>
  <action name="v_power_throttle_max">
   <rebind input="js2_ " activationMode="press"/>
  </action>
  <action name="v_power_throttle_min">
   <rebind input="js2_ " activationMode="press"/>
  </action>
  <action name="v_power_throttle_up">
   <rebind input="js2_ "/>
  </action>
  <action name="v_power_toggle">
   <rebind input="js1_button41"/>
  </action>
  <action name="v_power_toggle_shields">
   <rebind input="js1_button42"/>
  </action>
  <action name="v_power_toggle_thrusters">
   <rebind input="js1_button43"/>
  </action>
  <action name="v_power_toggle_weapons">
   <rebind input="js1_button44"/>
  </action>
 </actionmap>
 <actionmap name="spaceship_hud">
  <action name="v_hud_cancel">
   <rebind input="js2_ "/>
  </action>
  <action name="v_hud_confirm">
   <rebind input="js2_ "/>
  </action>
  <action name="v_hud_focused_cycle_mode_back">
   <rebind input="js2_ "/>
  </action>
  <action name="v_hud_focused_cycle_mode_fwd">
   <rebind input="js2_ "/>
  </action>
  <action name="v_hud_interact_toggle">
   <rebind input="js2_ "/>
  </action>
  <action name="v_hud_left_panel_down">
   <rebind input="js2_ "/>
  </action>
  <action name="v_hud_left_panel_left">
   <rebind input="js2_ "/>
  </action>
  <action name="v_hud_left_panel_right">
   <rebind input="js2_ "/>
  </action>
  <action name="v_hud_left_panel_up">
   <rebind input="js2_ "/>
  </action>
  <action name="v_hud_open_scoreboard">
   <rebind input="js2_ "/>
  </action>
  <action name="v_starmap">
   <rebind input="js2_ "/>
  </action>
 </actionmap>
 <actionmap name="lights_controller">
  <action name="v_lights">
   <rebind input="js2_button16"/>
  </action>
  <action name="v_toggle_cabin_lights">
   <rebind input="js2_ "/>
  </action>
  <action name="v_toggle_running_lights">
   <rebind input="js2_ "/>
  </action>
 </actionmap>
 <actionmap name="stopwatch">
  <action name="stopwatch_reset">
   <rebind input="js2_button35"/>
  </action>
  <action name="stopwatch_trigger">
   <rebind input="js2_button35" multiTap="2"/>
  </action>
 </actionmap>
 <actionmap name="player">
  <action name="attack1">
   <rebind input="js2_ "/>
  </action>
  <action name="combathealtarget">
   <rebind input="js2_ "/>
  </action>
  <action name="fixed_speed_decrement">
   <rebind input="js2_ "/>
  </action>
  <action name="fixed_speed_increment">
   <rebind input="js2_ "/>
  </action>
  <action name="force_respawn">
   <rebind input="js2_ "/>
  </action>
  <action name="free_thirdperson_camera">
   <rebind input="js2_ "/>
  </action>
  <action name="gp_movex">
   <rebind input="js2_x"/>
  </action>
  <action name="gp_movey">
   <rebind input="js1_y"/>
  </action>
  <action name="gp_rotatepitch">
   <rebind input="js2_ "/>
  </action>
  <action name="gp_rotateyaw">
   <rebind input="js2_ "/>
  </action>
  <action name="holster">
   <rebind input="js2_ "/>
  </action>
  <action name="interact_with_scope">
   <rebind input="js2_ "/>
  </action>
  <action name="nextitem">
   <rebind input="js2_ "/>
  </action>
  <action name="nextweapon">
   <rebind input="js2_ "/>
  </action>
  <action name="pl_hud_open_scoreboard">
   <rebind input="js2_ "/>
  </action>
  <action name="port_modification_select">
   <rebind input="js2_ "/>
  </action>
  <action name="prevItem">
   <rebind input="js2_ "/>
  </action>
  <action name="prevweapon">
   <rebind input="js2_ "/>
  </action>
  <action name="reload">
   <rebind input="js2_ "/>
  </action>
  <action name="toggleAttachHelmet">
   <rebind input="kb1_h"/>
  </action>
  <action name="use">
   <rebind input="js2_ "/>
  </action>
  <action name="v_starmap">
   <rebind input="js2_ "/>
  </action>
  <action name="walk">
   <rebind input="js2_ "/>
  </action>
  <action name="weapon_melee">
   <rebind input="js2_ "/>
  </action>
  <action name="zoom">
   <rebind input="js2_ "/>
  </action>
  <action name="zoom_in">
   <rebind input="js2_ "/>
  </action>
  <action name="zoom_out">
   <rebind input="js2_ "/>
  </action>
 </actionmap>
 <actionmap name="prone">
  <action name="prone_rollleft">
   <rebind input="js1_ " activationMode="press"/>
  </action>
  <action name="prone_rollright">
   <rebind input="js1_ " activationMode="press"/>
  </action>
 </actionmap>
 <actionmap name="tractor_beam">
  <action name="tractor_beam_decrease_distance">
   <rebind input="js1_button24"/>
  </action>
  <action name="tractor_beam_increase_distance">
   <rebind input="js1_button23"/>
  </action>
 </actionmap>
 <actionmap name="zero_gravity_eva">
  <action name="eva_boost">
   <rebind input="js1_button1"/>
  </action>
  <action name="eva_brake">
   <rebind input="js1_button27"/>
  </action>
  <action name="eva_roll">
   <rebind input="js2_z"/>
  </action>
  <action name="eva_roll_left">
   <rebind input="js2_ "/>
  </action>
  <action name="eva_roll_right">
   <rebind input="js2_ "/>
  </action>
  <action name="eva_strafe_back">
   <rebind input="js2_ "/>
  </action>
  <action name="eva_strafe_down">
   <rebind input="js2_ "/>
  </action>
  <action name="eva_strafe_forward">
   <rebind input="js2_ "/>
  </action>
  <action name="eva_strafe_lateral">
   <rebind input="js1_x"/>
  </action>
  <action name="eva_strafe_left">
   <rebind input="js2_ "/>
  </action>
  <action name="eva_strafe_longitudinal">
   <rebind input="js1_y"/>
  </action>
  <action name="eva_strafe_right">
   <rebind input="js2_ "/>
  </action>
  <action name="eva_strafe_up">
   <rebind input="js2_ "/>
  </action>
  <action name="eva_strafe_vertical">
   <rebind input="js1_z"/>
  </action>
  <action name="eva_toggle_headlook_mode">
   <rebind input="js1_button10"/>
  </action>
  <action name="eva_view_pitch">
   <rebind input="js2_y"/>
  </action>
  <action name="eva_view_pitch_down">
   <rebind input="js2_ "/>
  </action>
  <action name="eva_view_pitch_up">
   <rebind input="js2_ "/>
  </action>
  <action name="eva_view_yaw">
   <rebind input="js2_x"/>
  </action>
  <action name="eva_view_yaw_left">
   <rebind input="js2_ "/>
  </action>
  <action name="eva_view_yaw_right">
   <rebind input="js2_ "/>
  </action>
 </actionmap>
 <actionmap name="zero_gravity_traversal">
  <action name="zgt_detach">
   <rebind input="js2_ "/>
  </action>
  <action name="zgt_launch">
   <rebind input="js2_ "/>
  </action>
  <action name="zgt_roll_left">
   <rebind input="js2_ "/>
  </action>
  <action name="zgt_roll_right">
   <rebind input="js2_ "/>
  </action>
 </actionmap>
 <actionmap name="vehicle_general">
  <action name="v_close_all_doors">
   <rebind input="js1_button19"/>
  </action>
  <action name="v_flightready">
   <rebind input="js1_button11"/>
  </action>
  <action name="v_horn">
   <rebind input="js2_button3"/>
  </action>
  <action name="v_lock_all_doors">
   <rebind input="js2_ "/>
  </action>
  <action name="v_lock_all_ports">
   <rebind input="js2_ "/>
  </action>
  <action name="v_open_all_doors">
   <rebind input="js1_button20"/>
  </action>
  <action name="v_starmap">
   <rebind input="js2_ "/>
  </action>
  <action name="v_toggle_all_doorlocks">
   <rebind input="js2_button48" activationMode="double_tap"/>
  </action>
  <action name="v_toggle_all_doors">
   <rebind input="js1_button14"/>
  </action>
  <action name="v_toggle_all_portlocks">
   <rebind input="js2_button18"/>
  </action>
  <action name="v_unlock_all_doors">
   <rebind input="js2_ "/>
  </action>
  <action name="v_unlock_all_ports">
   <rebind input="js2_ "/>
  </action>
  <action name="v_view_cycle_fwd">
   <rebind input="js2_ "/>
  </action>
  <action name="v_view_freelook_mode">
   <rebind input="js1_button10"/>
  </action>
  <action name="v_view_pitch">
   <rebind input="js2_ "/>
  </action>
  <action name="v_view_yaw">
   <rebind input="js2_ "/>
  </action>
  <action name="v_view_zoom_in">
   <rebind input="js2_ "/>
  </action>
  <action name="v_view_zoom_out">
   <rebind input="js2_ "/>
  </action>
 </actionmap>
 <actionmap name="vehicle_driver">
  <action name="v_boost">
   <rebind input="js1_button1"/>
  </action>
  <action name="v_brake">
   <rebind input="js1_button27"/>
  </action>
  <action name="v_move">
   <rebind input="js1_y"/>
  </action>
  <action name="v_move_back">
   <rebind input="js2_ "/>
  </action>
  <action name="v_move_forward">
   <rebind input="js2_ "/>
  </action>
  <action name="v_pitch">
   <rebind input="js1_ "/>
  </action>
  <action name="v_view_dynamic_zoom_abs">
   <rebind input="js2_ "/>
  </action>
  <action name="v_view_dynamic_zoom_abs_toggle">
   <rebind input="js1_button7"/>
  </action>
  <action name="v_view_dynamic_zoom_rel">
   <rebind input="js2_ "/>
  </action>
  <action name="v_view_dynamic_zoom_rel_in">
   <rebind input="js2_ "/>
  </action>
  <action name="v_view_dynamic_zoom_rel_out">
   <rebind input="js2_ "/>
  </action>
  <action name="v_yaw">
   <rebind input="js2_x"/>
  </action>
  <action name="v_yaw_left">
   <rebind input="js2_ "/>
  </action>
  <action name="v_yaw_right">
   <rebind input="js2_ "/>
  </action>
 </actionmap>
 <actionmap name="spectator">
  <action name="spectate_free_look">
   <rebind input="js2_ "/>
  </action>
  <action name="spectate_next_target">
   <rebind input="js1_ "/>
  </action>
  <action name="spectate_prev_target">
   <rebind input="js1_ "/>
  </action>
  <action name="spectate_rotatepitch">
   <rebind input="js1_ "/>
  </action>
  <action name="spectate_rotatepitch_mouse">
   <rebind input="js1_ "/>
  </action>
  <action name="spectate_rotateyaw">
   <rebind input="js1_ "/>
  </action>
  <action name="spectate_rotateyaw_mouse">
   <rebind input="js1_ "/>
  </action>
  <action name="spectate_speed_decrement">
   <rebind input="js2_ "/>
  </action>
  <action name="spectate_speed_increment">
   <rebind input="js2_ "/>
  </action>
  <action name="spectate_toggle_thirdperson">
   <rebind input="js2_ "/>
  </action>
  <action name="spectate_zoom_in">
   <rebind input="js1_ "/>
  </action>
  <action name="spectate_zoom_out">
   <rebind input="js1_ "/>
  </action>
 </actionmap>
 <actionmap name="default">
  <action name="cycle_chat_lobby">
   <rebind input="js2_ "/>
  </action>
  <action name="focus_on_chat_textinput">
   <rebind input="js2_ "/>
  </action>
  <action name="notification_accept">
   <rebind input="js2_button35"/>
  </action>
  <action name="notification_decline">
   <rebind input="js2_button35" activationMode="double_tap"/>
  </action>
  <action name="pl_exit">
   <rebind input="js1_button53"/>
  </action>
  <action name="respawn">
   <rebind input="js2_button1"/>
  </action>
  <action name="toggle_chat">
   <rebind input="js2_button5" activationMode="double_tap"/>
  </action>
 </actionmap>
 <actionmap name="player_emotes">
  <action name="emote_agree">
   <rebind input="js2_ "/>
  </action>
  <action name="emote_angry">
   <rebind input="js2_ "/>
  </action>
  <action name="emote_atease">
   <rebind input="js2_ "/>
  </action>
  <action name="emote_attention">
   <rebind input="js2_ "/>
  </action>
  <action name="emote_blah">
   <rebind input="js2_ "/>
  </action>
  <action name="emote_bored">
   <rebind input="js2_ "/>
  </action>
  <action name="emote_bow">
   <rebind input="js2_ "/>
  </action>
  <action name="emote_burp">
   <rebind input="js2_ "/>
  </action>
  <action name="emote_cheer">
   <rebind input="js2_ "/>
  </action>
  <action name="emote_chicken">
   <rebind input="js2_ "/>
  </action>
  <action name="emote_clap">
   <rebind input="js2_ "/>
  </action>
  <action name="emote_come">
   <rebind input="js2_ "/>
  </action>
  <action name="emote_cry">
   <rebind input="js2_ "/>
  </action>
  <action name="emote_cs_forward">
   <rebind input="js2_ "/>
  </action>
  <action name="emote_cs_left">
   <rebind input="js2_ "/>
  </action>
  <action name="emote_cs_no">
   <rebind input="js2_ "/>
  </action>
  <action name="emote_cs_right">
   <rebind input="js2_ "/>
  </action>
  <action name="emote_cs_stop">
   <rebind input="js2_ "/>
  </action>
  <action name="emote_cs_yes">
   <rebind input="js2_ "/>
  </action>
  <action name="emote_dance">
   <rebind input="js2_ "/>
  </action>
  <action name="emote_disagree">
   <rebind input="js2_ "/>
  </action>
  <action name="emote_failure">
   <rebind input="js2_ "/>
  </action>
  <action name="emote_flex">
   <rebind input="js2_ "/>
  </action>
  <action name="emote_flirt">
   <rebind input="js2_ "/>
  </action>
  <action name="emote_gasp">
   <rebind input="js2_ "/>
  </action>
  <action name="emote_gloat">
   <rebind input="js2_ "/>
  </action>
  <action name="emote_greet">
   <rebind input="js2_ "/>
  </action>
  <action name="emote_laugh">
   <rebind input="js2_ "/>
  </action>
  <action name="emote_point">
   <rebind input="js2_ "/>
  </action>
  <action name="emote_rude">
   <rebind input="js2_ "/>
  </action>
  <action name="emote_salute">
   <rebind input="js2_ "/>
  </action>
  <action name="emote_sit">
   <rebind input="js2_ "/>
  </action>
  <action name="emote_sleep">
   <rebind input="js2_ "/>
  </action>
  <action name="emote_smell">
   <rebind input="js2_ "/>
  </action>
  <action name="emote_taunt">
   <rebind input="js2_ "/>
  </action>
  <action name="emote_threaten">
   <rebind input="js2_ "/>
  </action>
  <action name="emote_wait">
   <rebind input="js2_ "/>
  </action>
  <action name="emote_wave">
   <rebind input="js2_ "/>
  </action>
  <action name="emote_whistle">
   <rebind input="js2_ "/>
  </action>
 </actionmap>
 <actionmap name="player_input_optical_tracking">
  <action name="foip_pushtotalk">
   <rebind input="js2_button5"/>
  </action>
  <action name="foip_pushtotalk_proximity">
   <rebind input="js2_button35"/>
  </action>
  <action name="foip_viewownplayer">
   <rebind input="js2_button5"/>
  </action>
  <action name="headtrack_camera_enabled">
   <rebind input="js1_button9"/>
  </action>
  <action name="headtrack_enabled">
   <rebind input="js1_button9"/>
  </action>
  <action name="headtrack_recenter_device">
   <rebind input="js1_button39"/>
  </action>
 </actionmap>
 <actionmap name="player_choice">
  <action name="pc_focus">
   <rebind input="js2_ "/>
  </action>
  <action name="pc_interaction_mode">
   <rebind input="js2_ "/>
  </action>
  <action name="pc_personal_back">
   <rebind input="js2_ "/>
  </action>
  <action name="pc_personal_thought">
   <rebind input="js2_ "/>
  </action>
  <action name="pc_screen_focus_down">
   <rebind input="js2_ "/>
  </action>
  <action name="pc_screen_focus_left">
   <rebind input="js2_ "/>
  </action>
  <action name="pc_screen_focus_right">
   <rebind input="js2_ "/>
  </action>
  <action name="pc_screen_focus_up">
   <rebind input="js2_ "/>
  </action>
  <action name="pc_select">
   <rebind input="js2_ "/>
  </action>
  <action name="pc_zoom_in">
   <rebind input="js2_ "/>
  </action>
  <action name="pc_zoom_out">
   <rebind input="js2_ "/>
  </action>
 </actionmap>
 <actionmap name="view_director_mode">
  <action name="view_fov_in">
   <rebind input="js2_ "/>
  </action>
  <action name="view_fov_out">
   <rebind input="js2_ "/>
  </action>
  <action name="view_fstop_in">
   <rebind input="js2_ "/>
  </action>
  <action name="view_fstop_out">
   <rebind input="js2_ "/>
  </action>
  <action name="view_restore_defaults">
   <rebind input="js1_button10"/>
  </action>
 </actionmap>
</ActionMaps>
